<!--
"""
 Copyright (C) 2018-2019 Intel Corporation

 Licensed under the Apache License, Version 2.0 (the "License");
 you may not use this file except in compliance with the License.
 You may obtain a copy of the License at

      http://www.apache.org/licenses/LICENSE-2.0

 Unless required by applicable law or agreed to in writing, software
 distributed under the License is distributed on an "AS IS" BASIS,
 WITHOUT WARRANTIES OR CONDITIONS OF ANY KIND, either express or implied.
 See the License for the specific language governing permissions and
 limitations under the License.
"""
-->

<!--
// ===============================================================================
// Generated file for Inference Engine extension for GPU plugin
//
// Contains configuration for the GPU layers
// Should be placed near executable that will load and use it
//
// This configuration file should be manually loaded in the code **before loading
// the model** that contains custom layers:
//      1. Use IInferencePlugin::SetConfig() method with following pair:
//          * PluginConfigParams::KEY_CONFIG_FILE
//          * configuration file name
//
// Example:
//      // Load clDNN (GPU) plugin
//      InferenceEngine::InferenceEnginePluginPtr plugin_ptr(selectPlugin({..., "GPU"));
//      InferencePlugin plugin(plugin_ptr);
//      // Load clDNN Extensions
//      plugin.SetConfig({{PluginConfigParams::KEY_CONFIG_FILE, "<path to the xml file>"}});
//
// You should fill :
//     * Buffers section
//       Add information about inputs/outputs
//     * Define global worksize for your layer
//
// Refer to the section "Inference Engine Kernels Extensibility " in
// the OpenVINO documentation 
// ===============================================================================
-->

<CustomLayer name="cosh" type="SimpleGPU" version="1">
    <Kernel entry="cosh_kernel">
        <Source filename="cosh_kernel.cl"/>
        <!-- Parameters description /-->
    </Kernel>
    <!-- Buffer descriptions /-->
    <Buffers>
        <Tensor arg-index="0" type="input" port-index="0" format="BFYX"/>
        <Tensor arg-index="1" type="output" port-index="1" format="BFYX"/>
    </Buffers>
    <CompilerOptions options="-cl-mad-enable"/>
    <!-- define the global worksize. The formulas can use the values of the B,F,Y,X dimensions and contain the operators: +,-,/,*,% 
         (all evaluated in integer arithmetics). Default value: global="B*F*Y*X,1,1"/-->
    <WorkSizes global="B,F"/>
</CustomLayer>
